A,38
ACQUAINTANCE,1
ACTUAL,1
AGREE,2
AGREEMENT,1
AND,5
ANY,3
ANYTHING,1
APPEARANCE,1
AS,1
ASCII,2
About,1
Absolute,4
According,3
Acquaintance,1
Additional,1
After,1
Again,3
Against,1
All,21
Almost,1
Also,2
Although,2
Among,5
An,2
And,23
Another,3
Any,3
Apart,4
Archive,13
Are,1
As,10
Assuming,3
At,5
Atheists_,1
Author,1
Awareness,1
B,22
BE,1
BEFORE,1
BIBLIOGRAPHICAL,1
BREACH,2
BUT,1
BY,2
Balfour,2
Bannerman,1
Because,1
Before,7
Berkeley,21
Berkeley's,5
Bertrand,3
Between,1
Beyond,1
Bishop,2
Bismarck,15
Bismarck's,1
Books,1
Both,1
Bradley,1
British,1
Broadly,1
Brown,6
But,119
By,11
C,5
C's,1
CHAPTER,15
CONSEQUENTIAL,1
CONTRACT,1
Caesar,4
Caesar_,2
Campbell,1
Cantor,1
Cassio,28
Cf,1
Chancellor,4
Chapter,4
Charles,5
China,2
City,1
Common,2
Compliance,1
Consider,1
Considered,1
Contact,1
Continental,1
Contributions,1
Copyright,1
Creating,1
D,3
DAMAGE,1
DAMAGES,2
DESCRIPTION,1
DIRECT,1
DISCLAIMER,1
DISTRIBUTE,1
DISTRIBUTOR,1
DONATIONS,1
December,1
Defect,1
Defects,1
Degrees,1
Descartes,6
Desdemona,25
Desdemona's,7
Despite,1
Dialogues,2
Do,4
Domestic,1
Donations,2
E,23
EBOOK,2
EIN,1
END,1
ERROR,1
EVEN,1
EXCEPT,1
EXISTENCE,1
EXPRESS,1
Earth,1
East,1
Edinburgh,9
Either,1
Email,1
Emperor,2
Empire,5
End,1
England,1
English,1
Euclid's,1
Euclidean,2
Europe,1
Even,1
Every,2
Everything,2
Exactly,1
Except,2
Experience,2
F,11
FALSEHOOD,1
FITNESS,1
FOR,3
FOUNDATION,1
FULL,2
Few,1
First,1
Food,1
For,21
Formerly,1
Foundation,24
French,2
From,2
Full,1
Further,2
Future,1
G,1
GENERAL,1
GIVE,1
GUTENBERG,4
General,3
Georg,1
George,1
German,8
Germany,2
Gilbert,1
God,8
God's,2
Going,1
Gordon,1
Granted,1
Greek,2
Greeks,1
Gutenberg,84
Gutenberg's,1
HAVE,1
HOW,1
Hart,1
Has,1
Have,1
Having,3
He,13
Hegel,7
Hegel's,1
Hence,34
Henry,1
Here,8
His,6
Home,1
How,3
However,1
Human,1
Hume,7
Hume's,1
Hylas,3
I,149
I's,2
IDEALISM,1
IF,1
II,1
III,1
IMPLIED,1
IN,1
INCIDENTAL,1
INCLUDING,1
INDEMNITY,1
INDIRECT,1
INDUCTION,1
INTUITIVE,1
IRS,1
IS,2
IV,3
IX,2
Idea,2
Idealists,1
Ides,1
If,79
Immanuel,1
In,104
Indeed,1
Information,5
Instances,1
Instead,1
Internal,1
International,1
Is,7
It,120
Its,2
J,1
Jones,7
Judgements,1
Judging,1
Julius,4
June,1
Just,1
KIND,1
KNOWLEDGE,8
Kant,19
Kant's,6
Kantian,1
Keener,1
Keynes,1
King,3
King's,1
Knowledge,4
KÃ¶nigsberg,1
LIABILITY,1
LIABLE,1
LICENSE,2
LIMITED,3
LIMITS,1
Lake,1
Language,1
Latin,1
Laws,1
Leaving,1
Leibniz,8
Let,8
Library,1
License,10
Light,1
Like,1
Literary,13
Locke,1
London,11
M,1
MATTER,2
MERCHANTABILITY,1
Man,2
Many,5
March,1
Mathematics_,1
Memories,1
Metaphysic_,1
Michael,1
Minister,3
Minister's,3
Mission,1
Mississippi,1
Monadology_,1
Moore,1
Moreover,4
Most,5
Mr,4
Murray,1
My,2
N,1
NATURE,1
NEGLIGENCE,1
NO,2
NOT,2
NOTE,1
NOTICE,1
Nearly,1
Neglecting,1
Nevertheless,3
Newton's,1
No,1
Nor,1
North,1
Not,1
Nothing,3
Now,14
Nowhere,1
OF,20
ON,4
OPINION,1
OR,6
OTHER,1
OUR,2
OWNER,1
Obviously,1
Of,4
Often,1
On,7
One,7
Only,1
Opposition,1
Or,1
Othello,18
Othello's,2
Other,3
Our,14
PARAGRAPH,1
PG,1
PGLAF,1
PHILOSOPHICAL,1
PHILOSOPHY,4
PLEASE,1
POSSIBILITY,1
POSSIBLE,1
PREFACE,1
PRINCIPLES,1
PRIORI_,1
PROBABLE,1
PROBLEMS,3
PROJECT,4
PROVIDED,1
PUNITIVE,1
PURPOSE,1
Perhaps,1
Philonous,2
Philonous_,1
Philosophic,2
Philosophical,1
Philosophy,9
Physical,2
Plain,2
Plato,8
Plato's,3
Please,1
Prime,6
Principles,1
Problems,3
Produced,1
Professor,2
Project,85
Pronouns,1
Prussia,1
READ,1
REALITY,1
REFUND,1
REMEDIES,1
REPLACEMENT,1
RIGHT,1
Rationalists,1
Reality,2
Redistributing,1
Redistribution,1
Reflection,1
Refund,1
Release,1
Replacement,1
Returning,1
Revenue,1
Revolution,1
Right,1
Robinson,6
Roman,1
Royalty,2
Russell,3
S,8
SEND,1
START,2
STRICT,1
SUCH,1
Salt,1
Sceptics,1
Science,2
Section,7
Sections,1
See,2
Seeing,1
Self,22
Selves,1
Sense,1
Service,1
Seven,1
Similar,1
Similarly,8
Since,3
Sir,1
Smith,6
So,8
Socrates,14
Solar,2
Some,7
Something,1
Space,1
Speaking,1
Special,1
Spinoza,3
Starting,1
States,15
Struldbugs,1
Such,17
Suppose,9
Swift,1
System,2
THAT,2
THE,14
THIS,3
THOSE,1
TO,2
TRADEMARK,1
TRUTH,1
Take,5
Taking,1
Terms,2
That,11
The,191
Their,1
Then,2
There,29
These,11
They,11
Things,1
This,89
Those,1
Though,1
Thought,1
Thus,113
Times,1
Title,1
To,20
Truth,1
Truths,1
Two,3
U,7
UNDER,1
UNIVERSALS,2
USE,1
UT,1
Under,2
Understanding_,1
Uneducated,1
Unionist,4
United,15
Universals,1
Universe,1
University,1
Unless,2
Unsupported,1
Updated,1
Use,2
V,1
VALUE,1
VI,3
VII,2
VIII,1
Vanilla,2
Volunteers,1
WARRANTIES,2
WARRANTY,2
WILL,1
WITH,1
WORK,1
WORLD,1
War,1
Waterloo,1
We,104
West,1
What,24
Whatever,4
When,40
Whenever,2
Where,1
Wherever,1
Whether,2
Which,1
While,1
Whitehead,1
Whole,2
Why,2
Will,1
With,2
X,1
XI,2
XII,1
XIII,1
XIV,1
XV,1
YOU,6
Years,1
Yes,2
Yet,6
York,1
You,12
