Word,Frequency
000,1
1,58
100,3
12,3
1500,1
1596,1
15th,3
1646,1
1650,1
1685,1
16th,2
1711,1
1716,1
1724,1
1753,1
1770,1
1804,1
1831,1
1887,1
1912,1
2,12
20,1
2001,1
2004,1
2019,1
3,12
30,1
4,5
5,7
50,1
501,1
5827,1
596,1
6,2
60,1
6221541,1
64,1
7,5
76,1
8,4
801,1
809,1
84116,1
9,3
90,2
_a,56
_a_,5
_absolutely_,1
_acquaintance_,5
_act_,1
_ad,1
_all,1
_all_,5
_almost_,1
_always_,2
_answer_,1
_any_,1
_apparent_,1
_are_,1
_as,1
_asking_,1
_be_,1
_before_,1
_believing_,1
_brotherhood_,1
_cause_,2
_causes_,1
_causing_,1
_certainly_,1
_cogito,1
_coherence_,2
_conceiving_,1
_concept_,1
_connaître_,1
_connected_,1
_constituents_,1
_correspondence,1
_correspondence_,1
_corresponding_,2
_corresponds_,1
_could_,1
_create_,1
_criterion_,1
_criticism_,1
_deduction_,1
_definition_,2
_degree_,1
_derivative_,2
_describe_,1
_description_,3
_directly_,1
_disproved_,1
_diversity_,1
_doubt_,1
_each_,1
_empirical_,1
_enquiry,1
_error_,3
_esse_,1
_ethics_,1
_every,1
_evidence_,1
_exactly_,1
_exist_,3
_existence_,2
_existing_,1
_fact,1
_fact_,2
_false_,2
_falsely_,1
_feeling_,1
_have,1
_here_,1
_his_,2
_i_,1
_if_,4
_immediately_,3
_implies_,1
_in,3
_in_,1
_induction_,1
_instinctive_,1
_intend_,1
_introduction,1
_introspection_,1
_intuitive_,2
_is_,8
_jealousy_,1
_judge_,1
_judgements_,1
_judging_,1
_julius,2
_justice_,2
_kennen_,1
_kind_,1
_know_,5
_knowledge_,2
_known_,2
_light_,2
_likely_,1
_logical_,1
_logically_,2
_look_,1
_man_,3
_may_,1
_mean_,2
_meaning_,2
_meditations_,1
_memory_,2
_men_,1
_mere_,1
_might_,1
_monad_,1
_monadism_,1
_monism_,1
_mortal_,2
_mortality_,1
_must_,6
_new_,1
_no_,1
_not_,2
_now_,1
_object,2
_object_,2
_objects_,3
_of_,3
_one_,1
_only_,2
_order_,2
_our_,1
_particular_,1
_perception_,1
_percipi_,1
_possibility_,1
_possible_,1
_practical_,1
_principle,1
_private_,1
_probable,1
_probable_,2
_probably_,3
_product_,1
_prolegomena,1
_prove_,1
_proved_,1
_qualities_,2
_quite_,1
_reason_,1
_relations_,4
_republic_,1
_resemblance_,1
_round_,1
_savoir_,1
_seems_,1
_self,2
_self_,2
_signs_,1
_similarity_,1
_some_,5
_something_,1
_space_,1
_subject_,1
_subsist_,1
_test_,1
_that_,1
_the,4
_the_,2
_theoretical_,1
_things_,2
_think_,4
_this_,1
_thought_,3
_three,2
_triangularity_,1
_true_,6
_truly_,2
_truth_,1
_truths_,3
_typical_,1
_understand_,1
_universal_,1
_universals_,1
_whiteness_,3
_wissen_,1
a,846
abandon,2
abide,1
able,13
about,90
above,21
abroad,1
absence,2
absent,3
absolute,15
absolutely,3
abstain,1
abstract,10
abstracted,1
abstraction,4
abstractions,1
abstractly,1
absurd,5
absurdities,1
absurdity,3
accept,3
acceptance,1
accepted,4
accepting,4
accepts,1
access,10
accessed,1
accessible,1
accident,1
accidental,1
accidents,1
accompanied,1
accord,1
accordance,6
according,15
account,18
accounted,4
accounting,1
accurate,1
accusative,1
accustomed,2
achieve,1
achieved,4
achieves,1
acquaintance,78
acquainted,71
acquainted_,1
acquiesce,1
acquiescence,1
acquire,5
acquired,2
acquiring,2
acquisition,1
act,19
action,4
actions,2
active,2
activity,1
acts,4
actual,28
actually,10
acute,1
adapts,1
adding,1
addition,8
additional,3
additions,2
address,1
addresses,1
adduced,1
adequacy,1
adequate,2
adequately,1
adjectives,5
admirable,1
admission,2
admit,14
admits,2
admitted,6
admitting,1
admixture,1
adopt,6
advance,4
advanced,3
advances,1
adversaries,1
advocate,1
advocated,6
advocates,1
advocating,1
aeroplanes,2
aesthetic,1
aether,1
af,1
affairs,1
affections,1
affirm,2
affirmative,1
affirmed,2
afford,3
afforded,1
affords,2
after,9
afterwards,2
again,15
against,14
age,4
aged,1
agent,1
ago,6
agree,12
agreeably,1
agreed,5
agreement,19
aim,1
aimed,1
aims,3
air,5
akin,1
alien,1
alive,2
all,231
allow,2
allowed,1
allowing,1
allows,1
almost,17
alone,11
along,6
already,14
also,51
alter,2
alteration,1
altered,1
alternate,1
alternatives,1
alters,1
although,28
altogether,5
always,26
am,33
ambiguity,3
ambiguous,6
ambitious,1
amend,1
among,22
amount,4
amply,1
an,141
analogous,1
analyse,1
analyses,1
analysing,2
analysis,8
analytic,6
anatomist,1
and,1036
angles,3
animal,1
animals,6
announce,2
announcement,1
announces,2
another,26
answer,27
answered,2
answering,3
answers,11
anticipate,1
anticipating,1
anticipation,1
antithesis,3
anxious,2
any,206
anybody,3
anybody's,1
anyone,5
anything,40
anywhere,3
apart,10
apparent,13
apparently,2
appeal,4
appealing,2
appear,16
appearance,15
appearances,1
appeared,5
appearing,1
appears,17
appetite,1
applicable,12
application,1
applications,3
applied,1
applies,17
apply,9
applying,2
apportions,1
apprehend,3
apprehended,10
apprehending,2
apprehends,1
apprehension,3
approach,5
approaches,1
approaching,1
apt,5
archive,13
arduous,1
are,493
argue,5
argued,2
argues,1
arguing,1
argument,26
arguments,16
arise,9
arises,4
arithmetic,11
arithmetical,3
arm,3
arose,1
arrange,1
arranged,2
arrangement,3
array,1
arrive,7
arrived,1
arriving,1
arrogant,1
artificial,1
as,548
ascertain,2
ascertainable,2
ascertained,1
ascii,2
ask,12
asked,4
asking,3
asks,1
aspect,2
assassinated,1
assent,2
assented,1
assert,7
asserted,2
asserting,3
assertion,6
asserts,7
assigns,1
assimilate,1
assist,1
assistance,3
associate,2
associated,23
association,10
associations,2
assume,10
assumed,4
assumes,3
assuming,6
assumption,2
assumptions,1
assurance,1
assure,1
assured,1
astray,1
astronomy,2
astute,4
at,169
ate,1
atheists_,1
atoms,1
attach,2
attached,1
attack,1
attain,1
attainable,1
attained,3
attempt,16
attempted,2
attempts,4
attendant,2
attention,5
attested,1
attitude,1
attributing,1
author,1
available,2
avoid,5
avoided,1
avoiding,1
aware,24
awareness,3
away,7
axioms,3
b,26
babies,1
back,5
backward,1
backwards,1
bad,3
bald,3
baldness,1
balfour,2
balloons,2
banging,1
bannerman,1
bar,1
bare,2
barrier,1
based,14
basis,8
battle,3
be,657
bear,2
bearing,2
became,1
because,58
become,36
becomes,19
becoming,1
bed,1
beech,10
been,76
before,40
beg,1
began,6
begging,1
begin,18
beginner,1
beginning,4
begins,2
begs,1
begun,1
behave,1
behaviour,1
behind,2
being,64
being_,1
beings,6
beleagured,1
belief,99
belief_,1
beliefs,50
believe,47
believed,13
believes,18
believing,23
bell,1
bells,2
belong,3
belongs,9
below,4
berkeley,21
berkeley's,5
bertrand,3
besides,4
best,6
better,6
between,76
bewildering,1
beyond,14
bibliographical,1
bid,1
bigger,1
binary,1
binds,1
bishop,2
bismarck,15
bismarck's,1
black,2
blank,1
blind,13
blue,9
bodies,8
body,25
bolder,1
bone,1
books,4
bored,1
born,4
borne,1
both,24
bought,2
bound,3
boundaries,2
bounds,1
bradley,1
brain,2
breach,2
bread,2
breakfast,3
brick,1
brief,1
briefest,1
briefly,5
brighter,1
brightness,1
bring,3
brings,2
british,1
broadly,4
broken,1
brought,4
brown,14
build,1
builder,1
buildings,1
built,2
business,6
but,304
buy,2
by,343
c,6
c's,1
c3,1
caesar,4
caesar_,2
calculate,1
calculated,1
call,28
called,49
calling,2
calls,5
calm,1
calmly,2
came,3
campbell,1
camps,1
can,219
candid,1
candidate,7
candidates,2
cannot,89
cantor,1
capable,16
card,1
care,6
careful,1
carefully,2
carelessly,1
carry,1
case,67
cases,39
cassio,28
cat,5
catalogue,1
catalogued,1
catching,1
categories,1
causality,2
cause,17
caused,5
causes,6
causing,1
cease,4
ceased,4
ceases,5
cement,3
centuries,1
century,1
certain,91
certainly,9
certainty,32
cf,1
chair,2
chairs,2
challenged,2
chance,1
chancellor,4
change,5
changeable,1
changed,1
changes,1
changing,2
chapter,47
chapters,5
character,5
characteristic,6
characteristics,9
characters,2
charge,6
charges,2
charitable,1
charities,1
charles,5
check,4
checks,1
chicken,4
chief,6
chiefly,2
child,1
chimaera,1
chime,3
china,2
choice,1
choose,3
chosen,1
circle,4
circular,4
circumstances,6
citizens,1
citizenship,1
city,2
claim,5
clash,1
clashes,1
class,5
clean,1
clear,14
clearer,2
clearly,3
clock,1
close,2
closed,1
closely,2
closer,1
closes,1
cloth,3
clouds,1
co,1
coalesce,1
codes,1
coexistence,3
cohere,1
coherence,8
coherent,8
coin,1
coins,1
collection,14
collections,3
collective,1
colony,1
colour,58
colours,12
combination,1
combine,1
combined,2
come,22
comes,9
coming,1
commentators,2
commercial,1
commit,1
committed,2
common,36
commonest,2
commonly,10
communicate,1
community,1
comparative,1
compare,1
compared,1
comparing,1
comparison,3
compelled,5
competent,1
compilation,1
complement,1
complete,6
completed,1
completely,10
complex,33
compliance,5
complicated,3
comply,6
complying,3
composed,6
compressed,1
computer,2
computers,2
conceded,2
conceivable,1
conceivably,1
concentrate,1
concept,2
conception,5
concepts,2
concern,4
concerned,16
concerning,38
concerns,3
concluded,1
conclusion,17
conclusions,2
concourse,1
concrete,3
condemns,1
condition,2
conditions,4
conduct,1
confess,1
confidence,3
confident,2
confine,1
confined,6
confining,1
confirm,2
confirmation,1
confirmed,1
confirms,1
conflict,1
conform,3
conformity,1
confused,1
confusing,1
confusion,8
confusions,1
confute,1
conjecture,1
connected,11
connecting,1
connects,1
connexion,19
connexions,3
conscious,3
consciously,2
consciousness,8
consent,1
consequences,1
consequential,1
consequently,1
consider,33
considerable,3
consideration,7
considerations,2
considered,14
considering,12
considers,2
consist,4
consisted,1
consisting,3
consists,21
constant,5
constantly,6
constituency,4
constituent,4
constituents,9
constitute,6
constituted,6
constitutes,5
constituting,1
constitution,2
construct,1
constructed,1
constructing,1
constructions,1
constructive,1
contact,7
contain,10
contained,2
containing,3
contains,4
contemplated,1
contemplates,3
contemplating,1
contemplation,13
contemplative,1
contemptuously,1
contended,1
content,2
contention,1
contentions,1
contents,3
context,2
continental,1
continual,2
continue,6
continued,1
continues,6
continuing,1
continuous,1
continuously,1
contract,1
contradict,1
contradiction,19
contradiction_,1
contradictions,5
contradictory,5
contrary,14
contrast,1
contributed,1
contribution,1
contributions,2
control,2
controversies,2
controversy,2
convenient,1
converged,1
conversation,1
conversely,2
convert,1
convey,2
convictions,3
convinced,2
convincing,1
cool,1
copied,2
copies,7
copy,12
copying,4
copyright,20
corporation,1
correct,4
correctly,2
correlative,1
correspond,8
corresponded,1
correspondence,10
corresponding,12
corresponds,5
corrupt,1
cost,3
costs,2
could,57
counterparts,1
countless,1
countries,1
country,4
couple,3
couples,7
couples_,1
course,18
cranny,1
create,3
created,4
creates,1
creating,4
creation,1
credit,2
criterion,1
critical,6
critically,2
criticism,8
criticisms,1
criticized,1
crude,4
crudely,1
current,1
custom,1
customary,1
cut,2
cutting,1
d,3
daily,8
damage,2
damaged,1
damages,4
danger,1
dark,3
data,138
date,3
dates,1
datum,23
day,9
days,5
dead,2
deal,6
dealing,7
deals,3
dealt,6
death,2
debate,1
debated,1
deceitful,1
deceive,1
december,1
deceptive,1
decide,3
decided,3
decides,1
deciding,1
decision,1
declared,1
deduce,5
deduced,18
deducible,2
deducing,1
deductible,1
deduction,5
deductions,3
deeds,1
deeply,1
defeated,1
defect,4
defective,3
defects,1
defensible,1
define,2
defined,1
definite,19
definitely,3
definiteness,1
definition,16
definitions,1
degree,20
degrees,8
deletions,1
deliberate,1
delightful,1
delusion,1
demand,4
demanding,1
demands,3
demon,3
demonstrably,1
demonstration,2
demonstrations,2
demonstrative,1
demonstratively,1
denial,3
denied,5
denies,1
denotes,4
dentist,1
deny,12
depend,13
dependence,1
dependent,9
depending,1
depends,12
derivative,15
derive,7
derived,17
descartes,6
descend,1
describe,6
described,10
describes,1
describing,1
description,45
descriptions,9
descriptive,1
desdemona,25
desdemona's,7
desert,1
deserts,1
deserves,1
deserving,1
designate,1
desirability,1
desirable,1
desire,10
desires,5
desiring,1
desirous,1
despite,1
destroy,2
destroyed,1
destroys,1
destructive,1
detach,1
detail,3
determine,3
determined,3
determines,1
develop,2
development,1
developments,1
dialogues,2
diary,1
dictionary,1
did,13
die,1
died,4
differ,5
difference,11
differences,2
different,77
differently,4
differing,3
differs,2
difficult,23
difficulties,7
difficulty,14
diminish,1
diminished,1
diminishes,1
diminishing,2
dined,1
dinner,1
diplomatist,4
direct,9
direction,6
directions,1
directly,12
directs,1
disappear,1
disappoint,1
disappointing,1
disclaim,1
disclaimer,3
disclaimers,1
discontinue,1
discover,5
discoverable,4
discovered,7
discovering,5
discovery,2
discuss,1
discussed,2
discussing,4
discussion,4
discussions,2
disease,1
disengaged,1
disentangle,2
disk,1
dismiss,1
dismissed,2
dispassionately,1
display,1
displayed,1
displaying,4
disproved,3
disputable,1
disputants,1
dissociated,1
distance,3
distances,5
distinct,3
distinction,7
distinctions,2
distinctive,2
distinctly,1
distinguish,7
distinguished,4
distinguishes,1
distinguishing,3
distort,1
distorts,1
distribute,6
distributed,4
distributing,7
distribution,8
distributor,1
disturbance,3
diverge,1
divest,1
divide,1
divided,1
divisibility,1
divisible,2
do,78
doctrine,4
doctrines,2
does,73
dogmas,1
dogmatic,1
dogmatically,2
dogmatism,1
domain,2
domestic,2
dominion,1
donate,5
donation,1
donations,15
done,5
donors,1
door,2
doubt,38
doubted,5
doubtful,9
doubting,5
doubtless,1
doubts,2
down,4
downloading,1
draw,9
drawing,2
drawn,1
dream,9
dreams,12
dried,1
drifted,1
drive,1
driven,5
drives,1
dualism,2
due,9
duly,1
duration,2
during,3
dwell,3
dying,3
e,44
each,15
earlier,4
early,1
earth,7
earth's,2
earwig,3
easier,2
easiest,1
easily,7
east,1
easy,7
eat,2
ebook,13
ebooks,7
eclipse,1
edinburgh,9
edition,1
editions,4
educated,1
educational,1
effect,8
effected,1
effects,2
effort,4
efforts,3
eight,4
ein,1
either,29
elapse,1
elapsed,1
elect,1
elected,1
electric,1
electronic,27
electronically,2
element,3
elementary,1
elements,1
elicited,4
else,20
elsewhere,1
elucidation,1
email,2
embark,1
embracing,1
emerged,1
emerges,1
eminently,1
emitted,1
emitting,1
emotion,2
emperor,2
emphasized,1
emphatically,1
empire,5
empirical,15
empiricists,8
employ,2
employed,4
employee,1
employees,1
employs,1
empty,3
enable,5
enables,6
enabling,2
end,11
endeavour,3
endeavoured,2
ends,2
enemy,2
engagement,1
engendered,1
england,1
english,1
enlarge,3
enlarged,1
enlargement,4
enlarges,1
enormously,1
enough,6
enrich,1
ensures,2
ensuring,1
entails,1
entangled,1
enter,1
entertain,3
entertained,2
entertaining,1
entirely,6
entities,8
entity,6
enumerated,1
enumeration,1
enunciated,1
equal,1
equally,10
equipment,3
equivocation,1
ergo,1
erroneous,11
error,16
errors,2
escape,4
especially,3
essence,7
essential,7
essentially,8
establish,4
established,2
estimated,1
etc,6
eternal,1
eternally,1
ethical,4
ethics,2
euclid's,1
euclidean,2
europe,1
even,47
event,3
events,4
ever,17
every,17
everyday,1
everything,18
evidence,42
evident,37
evident_,2
evil,5
exact,1
exactly,6
examination,4
examine,8
examined,5
examines,1
examining,3
example,43
examples,2
exceedingly,1
except,26
exceptional,2
exceptions,9
excluded,2
excluding,1
exclusion,1
exclusive,2
exclusively,6
exemplified,3
exemplify,1
exempt,2
exist,54
existed,5
existence,55
existent,1
existing,9
exists,33
expect,6
expectation,2
expectations,12
expecting,4
expend,1
expense,1
expenses,2
experience,80
experienced,10
experiences,15
explained,3
explaining,3
explanation,2
explicitly,1
explored,1
exploring,1
exponents,1
exporting,1
express,5
expressed,2
expressing,2
expression,2
expressions,1
extend,1
extends,1
extension,3
extensive,1
extent,7
external,2
extrinsic,1
eye,9
eyes,6
f,11
fabric,1
face,1
facility,1
fact,108
fact_,1
facts,19
faculty,1
fail,2
failed,2
failing,1
fails,3
failure,4
fainter,1
faintness,1
fairly,4
fall,4
fallacies,1
fallacious,6
fallacy,1
fallible,1
falls,1
false,27
falsehood,28
falsehoods,2
falsely,4
falsified,1
familiar,6
familiarity,2
family,1
fancy,1
far,27
farther,1
fast,1
fatal,1
favour,8
favouritism,1
fear,1
fears,2
features,1
fed,1
federal,2
fee,8
feeds,1
feel,15
feeling,5
feelings,10
feels,2
fees,4
felt,2
fetters,1
feverish,1
few,4
figure,2
file,1
files,1
finally,3
financial,1
find,39
finding,6
finds,4
fine,1
finite,3
firm,2
firmly,4
first,58
fit,3
fitness,1
five,3
fix,1
fixed,1
flash,1
fleeting,2
foes,1
follow,7
followed,1
following,12
follows,22
food,9
foolish,1
football,1
for,267
force,1
forced,4
forces,1
forget,1
forgetting,1
forgo,1
forgotten,1
forks,1
form,36
formal,1
formally,1
format,4
formats,1
formed,3
former,4
formerly,8
forms,5
forth,9
fortress,1
fortuitous,1
fortune,1
forty,1
forward,2
forwards,1
fostered,1
found,31
foundation,27
founder,2
four,43
fourth,1
fragment,1
fragmentary,3
fragments,1
framework,1
free,13
freedom,4
freely,5
french,2
frequent,2
fresh,8
friend,1
friend's,2
friends,2
frightened,1
from,230
front,1
fulfil,2
fulfilled,5
fulfilment,1
fulfils,1
full,15
fully,6
function,2
fundamental,7
further,17
future,26
futures,6
g,4
gain,1
garrison,1
general,72
generality,1
generalization,5
generalizations,6
generally,17
generations,2
genuine,2
genuinely,1
geography,1
geology,1
geometry,5
georg,1
george,1
german,8
germany,2
get,7
gets,2
getting,1
ghost,3
gilbert,1
give,22
given,33
gives,18
giving,11
glance,1
glasses,1
globe,1
go,11
goals,1
god,8
god's,2
goes,8
going,2
gone,1
good,18
goods,6
goodwill,1
gordon,1
govern,2
gradation,5
gradations,1
gradually,4
grain,1
granted,6
grapple,1
grasp,1
gratefully,1
gratuitous,1
gravely,1
gravitation,6
great,28
greater,16
greatest,4
greatly,2
greatness,5
greek,2
greeks,1
green,6
greens,1
greeny,1
gross,3
ground,10
groundless,1
grounds,11
group,1
grow,1
growing,1
grown,2
growth,2
guarantee,6
guard,2
guarded,1
guide,1
gutenberg,97
gutenberg's,1
habit,6
habits,1
habitual,1
habitually,1
had,22
hair,1
half,3
hallucinations,2
halved,2
halves,1
hand,7
handbooks,1
happen,8
happened,6
happens,5
happiness,1
hard,9
hardly,6
hardness,6
hardnesses,1
harm,1
harmless,1
harmonious,3
harmonize,2
harmony,1
hart,1
has,139
hates,1
hatred,1
hatreds,1
have,320
having,14
he,97
head,5
hear,10
heard,4
hearing,4
hears,2
heartbeats,1
heat,2
heaven,1
heavens,1
hegel,7
hegel's,1
held,17
help,8
helpful,1
hence,45
henry,1
here,18
heretofore,1
hesitatingly,1
hides,1
hierarchy,2
high,1
higher,1
highest,6
highly,4
hills,1
him,26
himself,9
hinder,1
his,55
historian,1
historic,1
historical,2
historically,1
history,3
hitherto,8
hold,11
holder,4
holds,5
home,1
honour,1
hoofs,1
hooks,2
hope,10
hoped,1
hopeless,1
hopes,3
horrors,1
horse,2
host,1
hostile,2
hot,1
hour,2
house,3
houses,2
how,24
however,38
human,15
hume,7
hume's,1
hundred,1
hundreds,1
hunger,3
hungry,2
hylas,3
hypertext,1
hypotheses,7
hypothesis,5
hypothetical,3
i,166
i's,2
idea,31
idealism,6
idealists,5
ideas,37
identical,5
identification,1
identify,2
identity_,1
ides,1
if,278
ignorance,1
ignorant,1
ignored,2
ii,1
iii,1
illumination,1
illusoriness,1
illusory,1
illustrated,1
illustrates,2
illustration,6
illustrations,1
image,8
imagination,7
imagine,6
imagined,2
imagining,2
immanuel,1
immediate,21
immediately,23
immutable,1
impaired,1
impairs,1
impartial,1
impartiality,3
impartially,1
impenetrable,1
imperceptible,2
impersonal,1
implied,6
implies,3
imply,2
importance,18
important,27
impose,1
imposed,2
impossibility,5
impossible,15
impression,1
imprisoned,1
improbable,3
in,965
inaccurate,1
inadequate,2
incapable,8
incidental,1
inclination,1
inclined,2
include,3
included,10
includes,1
including,9
incoherent,2
incompatible,1
incomplete,9
incompleteness,3
inconceivable,2
inconsistencies,1
inconsistency,1
inconsistent,2
increase,1
increased,3
increases,2
increasing,1
incredulous,1
indeed,3
indefinite,2
indefinitely,1
indemnify,1
indemnity,1
independence,1
independent,19
independently,10
indestructible,1
indicate,2
indicated,1
indicating,1
indifferent,2
indirect,1
indirectly,2
individual,6
individually,2
indubitable,5
induction,15
induction_,1
inductive,19
inevitable,1
inexplicable,1
infallibility,1
infallible,3
infancy,1
infected,1
infer,5
inference,15
inferences,5
inferred,10
inferring,1
infinite,9
infinitely,3
infinitesimal,1
infinitum_,1
infinity,2
inflected,1
inflections,1
influence,1
information,9
infringed,1
infringement,1
inhabitants,1
inhabited,1
inherent,1
innate,4
inner,2
innocent,1
innumerable,4
inoperative,1
inquire,1
inquired,1
inquiry,4
insistence,2
insistent,1
insoluble,1
inspiration,1
instance,34
instances,22
instants,1
instead,6
instinctive,11
instinctively,3
instincts,1
instrument,1
insubstantial,1
integers,6
intellect,5
intellectual,3
intelligent,1
intended,1
intently,1
interact,1
interaction,2
interest,7
interesting,9
interests,5
interfere,2
interferes,1
intermediary,1
intermediate,2
internal,2
international,1
interpret,1
interpretation,2
interpreted,1
interrelation,1
interrupted,1
intervening,2
into,30
intrinsic,9
intrinsically,4
introduce,1
introspection,2
intuitive,21
intuitively,1
invalidity,1
invent,2
invented,1
inventing,1
invention,1
inventions,1
investigation,2
investigations,1
invites,1
involve,15
involved,19
involves,8
involving,6
iron,5
irrefutable,1
irrelevant,5
irs,1
is,1325
isolated,2
isolation,1
issue,2
it,705
its,101
itself,48
itself'1,1
iv,3
ix,2
j,1
joint,1
jones,7
judge,12
judged,2
judgement,40
judgements,23
judges,5
judging,11
julius,4
june,1
just,28
justice,4
justification,3
justified,4
justify,3
justly,1
kant,19
kant's,6
kantian,1
keener,1
keep,5
keeping,2
keeps,1
keynes,1
killed,1
kind,45
kinds,11
king,3
king's,1
knew,4
knits,1
knitting,2
knives,1
know,162
knowable,1
knowing,14
knowledge,306
known,89
knows,3
knuckles,2
königsberg,1
labours,2
laid,2
lake,1
language,3
lapse,1
large,5
largely,6
larger,1
last,18
late,6
later,8
latin,1
latter,4
launched,1
law,53
laws,33
lay,1
lead,3
leads,2
learn,7
learning,3
learnt,1
least,28
leaves,4
leaving,2
led,14
left,9
legal,2
legally,1
legitimately,1
leibniz,8
length,1
less,47
let,16
letters,4
level,1
liability,3
liable,5
liberating,1
liberation,1
liberator,1
liberty,1
library,2
license,18
licensed,1
lies,1
lieu,2
life,32
light,23
lightning,5
like,40
likelihood,2
likely,5
limit,3
limitation,4
limitations,1
limited,9
limiting,1
limits,5
line,7
linked,1
links,3
lips,1
listen,2
literary,13
little,3
live,1
lived,3
lives,2
living,4
located,7
locations,1
locke,1
logic,30
logical,23
logically,11
logician,1
london,11
long,19
longer,5
longest,1
look,18
looked,1
looking,5
looks,5
loose,1
loosen,1
lot,1
loud,1
love,11
loves,18
loving,7
lower,2
lowest,1
luck,2
luminously,1
lying,1
m,1
machine,1
made,19
magnifies,1
mail,1
main,7
mainly,2
maintain,1
maintained,7
maintaining,1
majority,1
make,53
makes,21
making,5
man,52
man's,11
manager,1
mankind,2
manner,5
many,62
map,2
march,1
marching,1
mark,2
marked,2
marriage,1
mask,5
mass,2
match,1
material,5
mathematical,4
mathematician,3
mathematicians,3
mathematics,7
mathematics_,1
matter,46
matters,6
maximum,1
may,172
me,14
meal,2
mean,25
meaning,11
meanings,1
means,36
meant,9
measure,3
medium,8
meet,3
melt,1
memories,2
memory,23
men,36
men's,1
mental,35
mention,1
merchantability,1
mercilessly,1
mere,18
merely,32
merest,1
merges,1
merit,2
merits,1
met,3
metaphorically,1
metaphysic_,1
metaphysical,4
metaphysician,2
metaphysicians,2
metaphysics,4
method,7
methodical,2
methods,2
michael,1
microscope,4
middle,1
middle_,1
midst,1
might,37
miles,1
million,1
mind,85
mind's,2
minds,50
mineralogist,1
minister,3
minister's,3
minor,1
minute,2
minutes,4
miracle,1
misery,1
misleading,6
misleadingness,1
mission,4
mississippi,1
mistake,1
mistaken,4
mistakes,1
misunderstanding,1
mitigate,1
mode,1
modern,6
modest,2
modification,1
modifications,1
modified,2
modify,1
moment,14
momentary,1
moments,2
monadology_,1
money,3
month,1
moon,2
moore,1
more,97
moreover,6
morning,2
morrow,11
mortal,19
mortality,1
mortals,2
most,44
motion,18
motions,6
move,2
moved,1
movements,1
mr,4
much,32
multiplication,1
multiplicity,1
multiplied,3
murray,1
musical,1
must,169
mutually,1
my,60
myself,3
mysterious,3
mystic,1
mystical,1
mysticism,1
n,1
naked,3
name,18
named,4
namely,22
names,3
narrow,6
nation,1
native,1
natural,14
naturally,9
nature,58
naval,2
near,3
nearer,5
nearest,1
nearly,6
nearness,1
necessarily,6
necessary,24
necessity,7
neck,3
need,8
needed,3
needs,1
negative,2
neglect,2
neglecting,1
negligence,1
negligible,1
neither,9
nerves,2
network,1
neutral,4
never,39
nevertheless,9
new,10
newness,1
news,1
newsletter,1
newspaper,3
newspapers,1
newton's,1
next,19
night,2
ninety,1
no,161
nobody,1
noise,4
noises,1
nominative,1
non,5
none,3
nonproprietary,1
nook,1
nor,18
normal,4
north,11
not,468
notably,2
note,1
noted,4
noteworthy,1
nothing,34
notice,5
noticed,2
noticing,1
notifies,1
notion,3
notions,1
notoriously,2
nouns,1
nourishing,2
novelist,1
now,45
nowadays,1
nowhen,1
nowhere,1
number,21
numbers,2
numerous,1
object,105
objection,4
objectionable,1
objections,5
objective,1
objects,95
oblivious,1
oblong,2
obscure,1
observation,3
observe,1
observed,6
observing,1
obsolete,1
obstacle,1
obstacles,1
obstinate,1
obtain,8
obtained,12
obtaining,3
obtuse,1
obvious,10
obviously,16
obviousness,2
occasion,2
occupant,1
occupied,3
occupies,2
occupy,5
occupying,1
occur,7
occurred,2
occurrence,4
occurring,2
occurs,4
odd,1
of,1883
off,4
offers,3
office,1
official,3
often,25
oftener,1
old,4
omission,1
on,124
once,10
one,156
ones,1
oneself,1
online,4
only,110
opaque,1
open,5
opening,1
operated,1
operation,5
operative,1
opinion,14
opinion_,1
opinions,3
opportunities,1
opportunity,1
opposed,14
opposing,2
opposite,10
opposites,1
opposition,3
or,355
orator,1
order,37
orderly,1
orders,1
ordinary,7
ordnance,1
org,9
organism,2
organization,2
organized,1
organizing,1
organs,3
origin,1
original,2
originally,1
originator,1
othello,18
othello's,2
other,160
others,15
otherwise,9
ought,9
our,343
ourselves,29
out,21
outcome,1
outdated,1
outer,8
outline,2
outlines,1
outside,15
outward,1
oval,1
over,10
overlooked,2
owed,1
owing,5
own,23
owner,4
owns,2
page,5
pages,2
paid,6
pain,2
painfully,1
painter,3
pair,3
pairs,4
pale,2
palpable,1
paper,2
papers,1
paperwork,1
paradoxes,1
paradoxical,1
paragraph,11
paragraphs,3
parallel,2
part,31
partake,2
partial,3
partially,1
participate,2
participation,2
particular,74
particularity,2
particularly,2
particulars,26
partly,6
parts,27
party,1
pass,10
passage,1
passes,1
passing,2
past,36
patch,10
patches,3
pausing,1
pay,1
paying,3
payments,3
peace,1
peculiar,1
peculiarly,1
people,38
people's,8
perceive,12
perceived,8
perceiving,3
perception,12
perceptions,6
percipient,2
perfect,3
perfection,1
perfectly,6
perform,3
performances,1
performed,6
performing,3
perhaps,12
periodic,1
permanence,1
permanent,7
permission,6
permitted,2
perpendiculars,3
perpetual,1
persists,3
person,33
personal,4
persons,1
perspective,1
persuade,2
persuaded,1
persuading,1
perturbed,1
pg,1
pglaf,1
phantasmagoria,1
phenomena,9
phenomenon,2
philonous,2
philonous_,1
philosopher,10
philosopher's,1
philosophers,37
philosophic,8
philosophical,12
philosophies,2
philosophize,1
philosophy,85
phrase,9
physical,101
physics,1
physiological,1
physiology,1
piece,10
piecemeal,2
pink,1
place,16
placed,3
places,4
placing,1
plain,17
plainly,4
plan,2
plane,1
planet,1
plato,8
plato's,3
plausibility,1
playing,1
please,3
pleasure,2
poet,2
point,34
pointed,1
points,14
poison,2
poisonous,1
position,8
positions,4
positive,4
positively,1
possess,1
possessed,1
possession,1
possibilities,7
possibility,9
possible,57
possibly,4
posted,4
poverty,1
power,10
powerful,2
powerlessness,1
powers,1
practical,7
practically,3
practice,1
practised,1
pre,1
preceded,2
preceding,9
precise,7
precisely,1
predicate,3
preface,1
prefer,4
preferable,1
prejudices,7
preliminary,3
premiss,6
premisses,15
prepare,2
preparing,1
prepositions,6
preposterous,2
prescribe,1
presence,1
present,31
presented,1
presenting,2
presents,1
preservation,1
preserve,3
press,3
pressing,1
pressure,1
pressures,1
presume,2
presumption,1
presupposed,1
presupposes,3
pretty,1
prevent,1
prevents,2
previous,11
previously,1
primarily,3
prime,6
primitive,1
principle,54
principles,50
print,4
printed,3
priori_,56
prison,2
privacy,2
private,21
probability,18
probable,20
probably,8
problem,17
problems,15
proceed,7
proceeded,1
proceeds,1
process,9
processes,1
processing,1
produce,4
produced,4
produces,3
producing,1
product,6
production,1
products,1
profess,1
professor,2
profit,2
profitable,1
profited,1
profits,1
profoundest,1
progress,1
progressively,1
prohibition,1
project,89
prolonged,1
prominently,4
promote,1
promoting,2
promotion,1
pronounce,1
pronouns,2
proof,10
proofread,1
proofs,2
proper,5
properly,2
properties,16
property,19
proportion,2
proposed,1
proposition,61
propositions,30
proprietary,1
protect,2
protected,5
prove,26
proved,18
provide,8
provided,11
providing,5
proving,2
provision,1
provisionally,1
provisions,1
prudent,1
prussia,1
psychological,5
psychologically,1
psychology,1
public,9
punitive,1
pure,11
purely,6
purpose,5
purposes,2
pursue,1
pursuit,2
pushed,1
put,5
puts,1
puzzling,1
qualities,6
quality,11
question,59
questions,27
quibbling,1
quickly,1
quite,32
race,2
radically,6
raised,5
raises,6
range,1
ranging,1
rap,2
rapping,1
rash,2
rate,10
rather,17
rational,2
rationalist,1
rationalists,9
rationality,1
ray,2
re,4
reach,7
reached,2
reaches,3
reaching,2
read,6
readable,2
reader,2
readers,1
readily,2
reading,4
ready,2
real,53
reality,16
realization,1
realize,5
realized,1
realizes,2
realizing,2
really,50
reappear,1
reason,53
reasonable,7
reasonably,2
reasoning,10
reasons,19
recall,2
receipt,2
receive,2
received,6
receiving,1
recent,2
recently,1
recognized,2
recognizes,1
recombines,1
recommended,2
reconcile,1
reconstructed,1
recorded,1
rectangular,3
red,19
redistribute,1
redistributing,2
redistribution,2
reduce,1
reduced,2
reducible,1
reference,6
references,2
refined,1
reflect,5
reflected,3
reflecting,1
reflection,10
refund,10
refutable,1
refutation,2
refuted,2
regard,25
regarded,12
regarding,4
regards,16
regiment,2
region,2
registered,2
regress,1
regulating,1
reign,3
reject,6
rejected,4
rejecting,4
rejection,1
relate,1
related,5
relates,6
relation,94
relation_,1
relational,1
relations,44
relative,4
relatively,3
release,1
relevant,2
reliable,1
religion,1
religious,2
remain,12
remaining,3
remains,9
remarkably,1
remarks,1
remedies,1
remember,3
remembered,9
remembering,2
remote,1
remoter,1
removal,1
remove,2
removed,4
removes,1
renamed,1
render,2
rendered,3
renders,2
renounce,1
repeat,1
repeated,2
repeatedly,1
repetition,1
repetitions,2
replace,3
replaced,1
replacement,5
reported,1
reports,1
represent,1
representations,1
representative,1
represented,6
representing,1
represents,2
request,1
require,6
required,11
requirements,4
requires,5
requiring,2
requisites,3
research,2
resemblance,10
resemblances,1
resemble,6
residue,1
resists,2
respect,4
respectively,2
rest,6
restate,1
resting,1
restricted,1
restrictions,2
rests,4
result,19
resulting,2
results,11
retain,1
retained,1
retains,2
retort,1
return,8
returning,1
returns,1
reveal,4
revealed,1
revenue,1
reversed,1
revert,1
review,1
revolution,1
right,15
rightly,3
rigid,1
rise,10
risen,2
rises,2
risk,3
rival,1
road,5
rob,1
robbing,1
robinson,6
roman,1
roof,1
room,15
rooted,1
rose,4
rotate,1
rotating,1
rotation,2
roughly,2
roughnesses,2
round,6
roundabout,1
rounded,1
rouse,1
roused,1
royalties,3
royalty,3
rudimentary,2
ruins,2
rule,4
rules,3
runs,1
russell,3
s,14
said,29
sake,4
salt,1
same,93
samples,1
satisfaction,1
satisfactory,2
satisfy,2
satisfying,1
save,1
saw,12
say,61
saying,3
says,12
scaffold,1
scarcely,6
sceptic,1
sceptical,1
scepticism,4
sceptics,1
schoolmen,1
schools,2
science,31
sciences,5
scientific,8
scope,8
scrutiny,3
sea,1
search,4
searches,1
second,14
secondly,2
section,7
sections,1
secure,3
secures,1
see,98
seeing,23
seek,6
seeks,2
seem,43
seemed,6
seems,43
seen,28
sees,10
seldom,1
self,84
selves,2
send,1
sending,1
sensation,19
sensations,20
sense,234
sense_,3
senses,22
sensible,3
sent,1
sentence,8
separate,6
separated,1
sequel,1
series,2
serious,1
serve,1
service,2
set,14
sets,1
setting,2
seven,1
seventeenth,1
several,9
severally,2
severe,1
shade,5
shades,5
shadow,1
shall,67
shape,24
shapes,5
share,5
shared,2
shares,2
sharing,1
sharp,1
sheets,1
shining,3
shiny,1
shock,1
short,1
shortly,1
should,51
show,15
showed,1
showing,6
shown,8
shows,3
shut,5
side,3
sides,2
sight,16
sign,4
significantly,1
signs,7
similar,17
similarity,2
similarly,10
simple,6
simpler,3
simplicity,2
simplify,1
simply,6
simultaneous,2
simultaneously,5
since,42
single,17
singled,2
singular,2
sir,1
sitting,4
situated,1
skeleton,1
sleeping,1
slight,4
slightest,4
slightly,4
slowly,1
small,7
smallest,1
smell,2
smelling,1
smells,1
smith,6
smooth,2
smoothness,3
so,145
sober,1
society,1
socrates,14
solar,2
sold,1
sole,3
solicit,2
solicitation,1
solid,1
solution,3
solve,1
solves,1
solving,1
some,156
somebody,1
somebody's,1
something,78
sometimes,10
somewhat,6
soon,14
sooner,5
sophistry,1
sort,42
sorts,5
sought,4
soul,1
souls,2
sound,8
sounds,7
sour,1
source,8
sources,3
south,1
space,74
spaces,11
spatial,3
speak,9
speaking,9
special,7
specially,1
species,1
specified,3
spectacles,1
spectator,3
speculation,3
speculative,1
speech,1
sphere,2
spinoza,3
spiritual,3
spite,11
splitting,1
spoke,1
spoken,4
spoons,1
sprang,1
staff,1
stage,4
stages,1
stand,7
standing,2
stands,6
start,9
started,1
starting,2
starts,1
state,12
stated,8
statement,14
statements,6
states,25
stating,2
status,4
step,1
still,23
stock,2
stone,1
stored,1
stories,1
straight,7
straightforward,1
strange,5
strangeness,1
stranger,1
strangest,1
strenuously,2
strict,4
strictly,7
strife,2
strike,1
strikes,1
striking,1
strives,1
striving,1
strong,4
stronger,2
strongly,2
struck,1
structure,1
struggling,1
struldbugs,1
student,2
students,4
studied,2
studies,1
study,12
subject,25
subjected,2
subjective,3
subjects,3
sublime,1
subscribe,1
subsequent,1
subsequently,1
subsist,4
subsistent,1
subsists,2
substance,2
substantives,5
subsumed,1
subsumptions,1
succeed,3
success,1
successful,3
succession,2
successively,1
such,196
suddenly,2
suffering,1
suffice,4
sufficed,1
suffices,2
sufficient,5
sufficiently,1
suggest,1
suggested,4
suggestion,1
suggestions,1
suggests,2
suitable,2
sum,3
sum_,1
sun,31
sun's,1
sunrise,3
sunset,1
supplied,1
supplies,2
supply,3
support,8
suppose,35
supposed,22
supposing,9
supposition,4
supra,1
sure,12
surface,2
surprised,1
surprising,3
surrender,1
surrounded,1
survey,4
surveys,1
survive,1
surviving,1
suspect,2
suspended,1
swamp,1
swans,4
sweet,1
swift,1
synonymous,1
synthesis,2
synthetic,3
system,13
systematic,2
systematize,1
systems,2
table,93
tablecloth,1
tables,2
tactile,1
take,23
taken,8
takes,2
taking,6
tap,1
task,1
taste,4
tasting,1
taught,1
tautology,2
tax,6
taxes,1
teaching,2
telegram,1
tell,8
tells,8
temper,1
temperaments,1
tempted,1
ten,1
tend,2
tendency,2
tending,1
tends,2
tenet,1
term,1
terms,56
terms_,1
test,8
testimony,5
texts,1
texture,1
than,85
that,969
the,2729
their,57
them,85
themselves,9
then,32
thence,1
theoretically,6
theories,3
theory,22
there,264
thereby,1
therefore,71
these,73
theses,1
thesis,1
they,147
thing,73
thing's,3
things,167
think,31
thinking,11
thinks,2
third,3
this,412
thoroughly,1
those,52
though,51
thought,46
thoughts,19
thraldom,1
three,13
through,22
throughout,2
throw,1
throws,1
thunder,3
thus,146
thwarting,1
time,67
timeless,1
times,11
tincture,1
title,1
to,1269
together,17
told,3
tolerably,1
tongue,1
too,5
took,1
toothache,1
topics,1
total,2
touch,15
touched,2
touches,1
touching,3
towards,3
trademark,14
tradition,2
traditional,1
trains,1
trammels,1
transcribe,1
transcription,1
transfer,1
transform,1
transitory,1
travel,3
travelled,2
travels,1
treated,1
treating,1
treatment,1
tree,22
triangle,7
triangles,5
triangularity,1
tries,1
trifling,1
trivial,4
trotting,1
trouble,1
troubled,1
troubles,1
true,130
truism,4
truly,7
trust,2
trusted,1
trustworthiness,5
trustworthy,2
truth,89
truths,49
try,6
trying,1
tuning,1
turn,6
turning,1
turns,2
twice,1
two,149
twos,2
type,1
types,1
typical,1
tyranny,1
u,7
ultimate,7
ultimately,5
unable,3
unaccustomed,1
unaffected,1
unalloyed,2
unattainable,1
uncertain,1
uncertainty,3
unchangeable,2
unchanged,1
unchanging,1
uncomfortable,1
uncommon,1
unconscious,1
unconsciously,2
undeniable,1
undeniably,1
under,15
underlie,1
underlies,1
underlying,2
understand,21
understanding_,1
understood,6
undertake,1
undiminished,1
undoubtedly,4
undue,1
unduly,3
uneducated,1
unenforceability,1
unexamined,2
unexpectedly,1
unexperienced,1
unfamiliar,2
unhesitatingly,2
uniform,2
uniformities,3
uniformity,4
unimportant,1
union,6
unionist,4
united,18
unites,1
uniting,1
unity,12
universal,30
universality,2
universals,59
universals_,1
universe,31
university,1
unknowable,3
unknown,3
unlearn,1
unless,18
unlike,2
unlink,1
unnecessary,2
unnecessary1,1
unplausible,1
unprotected,1
unpublished,1
unreal,2
unreality,2
unreasonable,2
unreflectingly,1
unreflective,1
unsafe,1
unsolicited,1
unsolved,1
unsound,1
unsupported,1
unsuspected,1
until,10
untrue,3
unusual,1
unwarrantable,1
unwise,1
up,20
updated,2
upon,66
upset,1
upstairs,1
urged,3
urges,1
us,152
usage,1
use,29
used,16
useful,11
useless,3
user,3
using,8
usual,3
usually,10
ut,1
utility,3
utter,2
uttering,2
utterly,2
v,1
vague,4
vagueness,1
vaguer,1
vain,1
valid,10
validity,7
validly,4
valleys,1
valuable,4
value,21
vanilla,2
variable,1
variations,1
variety,1
various,19
variously,1
vary,2
varying,1
vast,1
veil,1
verbs,7
verification,1
version,1
very,63
vi,3
view,52
viewed,2
viewing,1
views,5
vii,2
viii,1
vindicate,1
violates,1
violent,1
virtue,5
virtuous,1
virus,1
visit,2
visual,2
vital,2
vitally,2
vivid,2
vividness,2
voice,1
voices,1
void,1
volume,1
volunteer,1
volunteers,5
votes,3
voyage,1
waking,5
walk,1
walks,1
walled,1
walls,1
want,5
wants,1
war,2
warranties,3
warrants,1
warranty,2
was,92
waste,1
waterloo,1
wave,10
waves,6
way,54
ways,6
we,959
wear,1
wearing,1
weather,1
web,1
website,4
weight,1
well,19
went,3
were,70
west,2
what,254
whatever,40
whatsoever,2
when,155
whence,1
whenever,7
where,43
whereas,12
wherever,2
whether,44
which,589
while,22
white,16
whitehead,1
whiteness,16
who,65
whoever,1
whole,41
wholly,17
whom,6
whose,7
why,12
wide,3
widely,4
wider,2
widespread,2
widest,4
will,148
willing,1
window,1
wisdom,2
wise,1
wish,11
wishes,5
with,334
within,13
without,46
wonder,3
wonderful,1
wooden,1
word,38
words,14
wore,1
work,50
worked,1
working,1
works,33
world,80
worlds,4
worst,1
worth,5
worthy,2
would,86
wrings,1
writers,1
writing,5
writings,2
written,3
wrong,6
wrongly,3
wrung,2
www,9
x,1
xi,2
xii,1
xiii,1
xiv,1
xv,1
years,3
yes,2
yesterday,4
yet,31
yield,1
york,1
you,86
your,10
